{"cameraMode":{"drawMode":0,"name":"Shaded","section":"Shading Mode"},"sceneLighting":true,"audioPlay":false,"sceneViewState":{"showFog":true,"showMaterialUpdate":false,"showSkybox":true,"showFlares":true,"showImageEffects":true,"showParticleSystems":true},"in2DMode":false,"pivot":{"x":-0.6415696740150452,"y":11.149650573730469,"z":0.0},"rotation":{"x":-0.10975862294435501,"y":-0.4258403182029724,"z":0.052129682153463367,"w":-0.8966087102890015},"size":0.8660253882408142,"orthographic":true}